"Time","sda_写入"
1710343660000,196783.54285714283
1710343665000,196783.54285714283
1710343670000,199309.4095238095
1710343675000,199309.4095238095
1710343680000,199309.4095238095
1710343685000,215873.82857142854
1710343690000,215873.82857142854
1710343695000,215873.82857142854
1710343700000,234725.18095238094
1710343705000,234725.18095238094
1710343710000,234725.18095238094
1710343715000,233272.07619047616
1710343720000,233272.07619047616
1710343725000,233272.07619047616
1710343730000,238479.8476190476
1710343735000,238479.8476190476
1710343740000,238479.8476190476
1710343745000,215868.95238095237
1710343750000,215868.95238095237
1710343755000,215868.95238095237
1710343760000,220745.14285714284
1710343765000,220745.14285714284

